id,stateName,name,geoid,electionYear,vtdst10,aland,awater, totalVotes 
0,NH,LACONIA WARD 1,33001LACO01,2016,LACO01,28069224,5826290," 1,566 "
1,NH,LACONIA WARD 2,33001LACO02,2016,LACO02,2232570,1802355," 1,137 "
2,NH,LACONIA WARD 3,33001LACO03,2016,LACO03,3281326,3377092," 1,302 "
3,NH,LACONIA WARD 4,33001LACO04,2016,LACO04,4360791,48751," 1,197 "
4,NH,LACONIA WARD 5,33001LACO05,2016,LACO05,1773585,0," 1,034 "
5,NH,LACONIA WARD 6,33001LACO06,2016,LACO06,12153150,4946566," 1,787 "
6,NH,TOWN OF ALTON,33001ALTO01,2016,ALTO01,162905040,49995256," 3,494 "
7,NH,TOWN OF BARNSTEAD,33001BARN01,2016,BARN01,108637192,5347262," 2,589 "
8,NH,TOWN OF BELMONT,33001BELM01,2016,BELM01,78909167,4817039," 3,657 "
9,NH,TOWN OF CENTER HARBOR,33001CENT01,2016,CENT01,34591297,8224635, 713 
10,NH,TOWN OF GILFORD,33001GILF01,2016,GILF01,100809158,38326917," 4,668 "
11,NH,TOWN OF GILMANTON,33001GILM01,2016,GILM01,148249907,4560753," 2,521 "
12,NH,TOWN OF MEREDITH,33001MERE01,2016,MERE01,103440810,37882647," 4,059 "
13,NH,TOWN OF NEW HAMPTON,33001NEWH01,2016,NEWH01,95028781,4104082," 1,360 "
14,NH,TOWN OF SANBORNTON,33001SANB01,2016,SANB01,123301260,5567339," 1,895 "
15,NH,TOWN OF TILTON,33001TILT01,2016,TILT01,28838875,2212379," 1,849 "
16,NH,TOWN OF ALBANY,33003ALBA01,2016,ALBA01,193150637,1498069, 399 
17,NH,TOWN OF BARTLETT,33003BART01,2016,BART01,193932407,1111642," 1,929 "
18,NH,TOWN OF BROOKFIELD,33003BROO01,2016,BROO01,59110192,1089099, 447 
19,NH,TOWN OF CHATHAM,33003CHAT01,2016,CHAT01,147106235,1427759, 204 
20,NH,TOWN OF CONWAY,33003CONW01,2016,CONW01,179755305,5849819," 5,189 "
21,NH,TOWN OF EATON,33003EATO01,2016,EATO01,62917849,3351694, 282 
22,NH,TOWN OF EFFINGHAM,33003EFFI01,2016,EFFI01,99512203,3051804, 842 
23,NH,TOWN OF FREEDOM,33003FREE01,2016,FREE01,90610390,8121793, 952 
24,NH,TOWN OF HARTS LOCATION,33003HART01,2016,HART01,47867186,271824, 34 
25,NH,TOWN OF JACKSON,33003JACK01,2016,JACK01,173308710,99914, 675 
26,NH,TOWN OF MADISON,33003MADI01,2016,MADI01,99824790,6182413," 1,469 "
27,NH,TOWN OF MOULTONBOROUGH,33003MOUL01,2016,MOUL01,154046217,39184586," 3,178 "
28,NH,TOWN OF OSSIPEE,33003OSSI01,2016,OSSI01,183263428,12461602," 2,178 "
29,NH,TOWN OF SANDWICH,33003SAND01,2016,SAND01,233700335,8395785, 986 
30,NH,TOWN OF TAMWORTH,33003TAMW01,2016,TAMW01,154658858,2501107," 1,595 "
31,NH,TOWN OF TUFTONBORO,33003TUFT01,2016,TUFT01,106071694,23383200," 1,637 "
32,NH,TOWN OF WAKEFIELD,33003WAKE01,2016,WAKE01,102200730,13573978," 2,745 "
33,NH,TOWN OF WOLFEBORO,33003WOLF01,2016,WOLF01,123993800,27377367," 4,244 "
34,NH,TOWNSHIP OF HALES LOCATION,33003HALE01,2016,HALE01,6427945,0, 123 
35,NH,KEENE WARD 1,33005KEEN01,2016,KEEN01,6611730,6550," 2,248 "
36,NH,KEENE WARD 2,33005KEEN02,2016,KEEN02,29033920,314273," 2,470 "
37,NH,KEENE WARD 3,33005KEEN03,2016,KEEN03,15483121,227852," 2,277 "
38,NH,KEENE WARD 4,33005KEEN04,2016,KEEN04,4841856,34705," 2,501 "
39,NH,KEENE WARD 5,33005KEEN05,2016,KEEN05,40502361,71151," 2,936 "
40,NH,TOWN OF ALSTEAD,33005ALST01,2016,ALST01,100443584,1473313," 1,024 "
41,NH,TOWN OF CHESTERFIELD,33005CHES01,2016,CHES01,117978835,5199679," 2,161 "
42,NH,TOWN OF DUBLIN,33005DUBL01,2016,DUBL01,72699889,2860637," 1,016 "
43,NH,TOWN OF FITZWILLIAM,33005FITZ01,2016,FITZ01,89654383,3625990," 1,252 "
44,NH,TOWN OF GILSUM,33005GILS01,2016,GILS01,43112718,55764, 450 
45,NH,TOWN OF HARRISVILLE,33005HARR01,2016,HARR01,48126080,4073718, 677 
46,NH,TOWN OF HINSDALE,33005HINS01,2016,HINS01,53257692,5562051," 1,722 "
47,NH,TOWN OF JAFFREY,33005JAFF01,2016,JAFF01,99227864,4488199," 2,789 "
48,NH,TOWN OF MARLBOROUGH,33005MRLB01,2016,MRLB01,52849026,609124," 1,165 "
49,NH,TOWN OF MARLOW,33005MRLW01,2016,MRLW01,67201280,1217456, 441 
50,NH,TOWN OF NELSON,33005NELS01,2016,NELS01,56661040,3562673, 423 
51,NH,TOWN OF RICHMOND,33005RICH01,2016,RICH01,97320308,507318, 665 
52,NH,TOWN OF RINDGE,33005RIND01,2016,RIND01,96356215,7053014," 3,444 "
53,NH,TOWN OF ROXBURY,33005ROXB01,2016,ROXB01,30820135,752476, 139 
54,NH,TOWN OF STODDARD,33005STOD01,2016,STOD01,131798164,5481894, 765 
55,NH,TOWN OF SULLIVAN,33005SULL01,2016,SULL01,47988494,489879, 396 
56,NH,TOWN OF SURRY,33005SURR01,2016,SURR01,40479683,817757, 499 
57,NH,TOWN OF SWANZEY,33005SWAN01,2016,SWAN01,116626779,924231," 3,816 "
58,NH,TOWN OF TROY,33005TROY01,2016,TROY01,45124984,405681, 999 
59,NH,TOWN OF WALPOLE,33005WALP01,2016,WALP01,91111889,3950354," 2,058 "
60,NH,TOWN OF WESTMORELAND,33005WEST01,2016,WEST01,92704224,2807191," 1,019 "
61,NH,TOWN OF WINCHESTER,33005WINC01,2016,WINC01,142349955,1417968," 1,769 "
62,NH,BERLIN WARD 1,33007BERL01,2016,BERL01,116119025,900002, 980 
63,NH,BERLIN WARD 2,33007BERL02,2016,BERL02,4115106,146198, 980 
64,NH,BERLIN WARD 3,33007BERL03,2016,BERL03,31895969,929254, 980 
65,NH,BERLIN WARD 4,33007BERL04,2016,BERL04,7457913,213890, 980 
66,NH,TOWN OF CARROLL,33007CARR01,2016,CARR01,129946507,62341, 473 
67,NH,TOWN OF CLARKSVILLE,33007CLAR01,2016,CLAR01,155698948,5545828, 172 
68,NH,TOWN OF COLEBROOK,33007COLE01,2016,COLE01,105395244,525801," 1,019 "
69,NH,TOWN OF COLUMBIA,33007COLU01,2016,COLU01,156097208,860460, 343 
70,NH,TOWN OF DALTON,33007DALT01,2016,DALT01,71179103,1449634, 495 
71,NH,TOWN OF ERROL,33007ERRO01,2016,ERRO01,157041100,23619092, 195 
72,NH,TOWN OF GORHAM,33007GORH01,2016,GORH01,82417371,1252605," 1,533 "
73,NH,TOWN OF JEFFERSON,33007JEFF01,2016,JEFF01,129753207,855647, 602 
74,NH,TOWN OF LANCASTER,33007LANC01,2016,LANC01,129104684,2269410," 1,583 "
75,NH,TOWN OF MILAN,33007MILA01,2016,MILA01,165256877,1954082, 744 
76,NH,TOWN OF NORTHUMBERLAND,33007NORU01,2016,NORU01,92496408,2017604, 990 
77,NH,TOWN OF PITTSBURG,33007PITB01,2016,PITB01,728742642,25403128, 472 
78,NH,TOWN OF RANDOLPH,33007RAND01,2016,RAND01,121972183,153299, 249 
79,NH,TOWN OF SHELBURNE,33007SHEL01,2016,SHEL01,124189866,2191892, 251 
80,NH,TOWN OF STARK,33007STAR01,2016,STAR01,151998279,2350275, 293 
81,NH,TOWN OF STEWARTSTOWN,33007STEW01,2016,STEW01,119687610,1489306, 350 
82,NH,TOWN OF STRATFORD,33007STRT01,2016,STRT01,205852212,1348183, 266 
83,NH,TOWN OF WHITEFIELD,33007WHIT01,2016,WHIT01,88632664,1127662," 1,114 "
84,NH,TOWNSHIP OF ATKINSON AND GILMANTON ACADEMY GRANT,33007ATGT01,2016,ATGT01,50323550,293570, -   
85,NH,TOWNSHIP OF BEANS GRANT,33007BGRT01,2016,BGRT01,25106782,0, -   
86,NH,TOWNSHIP OF BEANS PURCHASE,33007BPUR01,2016,BPUR01,168721067,271272, -   
87,NH,TOWNSHIP OF CAMBRIDGE,33007CAMB01,2016,CAMB01,130531225,1835555, 2 
88,NH,TOWNSHIP OF CHANDLERS PURCHASE,33007CHAN01,2016,CHAN01,5524810,0, -   
89,NH,TOWNSHIP OF CRAWFORDS PURCHASE,33007CRAW01,2016,CRAW01,21215369,0, -   
90,NH,TOWNSHIP OF CUTTS GRANT,33007CUTT01,2016,CUTT01,29623023,0, -   
91,NH,TOWNSHIP OF DIXS GRANT,33007DIXG01,2016,DIXG01,52168965,111053, -   
92,NH,TOWNSHIP OF DIXVILLE,33007DIXV01,2016,DIXV01,126442169,456607, 7 
93,NH,TOWNSHIP OF DUMMER,33007DUMM01,2016,DUMM01,124942434,3108693, 172 
94,NH,TOWNSHIP OF ERVINGS LOCATION,33007ERVI01,2016,ERVI01,9512309,0, -   
95,NH,TOWNSHIP OF GREENS GRANT,33007GRGT01,2016,GRGT01,9485051,7256, 1 
96,NH,TOWNSHIP OF HADLEYS PURCHASE,33007HADL01,2016,HADL01,19201758,0, -   
97,NH,TOWNSHIP OF KILKENNY,33007KILK01,2016,KILK01,66359602,50900, -   
98,NH,TOWNSHIP OF LOW AND BURBANKS GRANT,33007LOWB01,2016,LOWB01,67715113,1335, -   
99,NH,TOWNSHIP OF MARTINS LOCATION,33007MART01,2016,MART01,9668011,78390, -   
100,NH,TOWNSHIP OF MILLSFIELD,33007MILL01,2016,MILL01,115942974,1042463, 20 
101,NH,TOWNSHIP OF ODELL,33007ODEL01,2016,ODEL01,115187038,1802929, -   
102,NH,TOWNSHIP OF PINKHAMS GRANT,33007PINK01,2016,PINK01,9762736,15902, 3 
103,NH,TOWNSHIP OF SARGENTS PURCHASE,33007SARG01,2016,SARG01,66924190,16690, -   
104,NH,TOWNSHIP OF SECOND COLLEGE GRANT,33007SECO01,2016,SECO01,106581964,1298956, -   
105,NH,TOWNSHIP OF SUCCESS,33007SUCC01,2016,SUCC01,146314681,1345062, -   
106,NH,TOWNSHIP OF THOMPSON AND MESERVES PURCHASE,33007THOM01,2016,THOM01,47948486,1239, -   
107,NH,TOWNSHIP OF WENTWORTH LOCATION,33007WENL01,2016,WENL01,47962416,2370456, 18 
108,NH,LEBANON WARD 1,33009LEBA01,2016,LEBA01,41055393,2160466," 2,349 "
109,NH,LEBANON WARD 2,33009LEBA02,2016,LEBA02,22768608,46896," 2,264 "
110,NH,LEBANON WARD 3,33009LEBA03,2016,LEBA03,40608139,414328," 2,479 "
111,NH,TOWN OF ALEXANDRIA,33009ALEX01,2016,ALEX01,111235001,516416, 941 
112,NH,TOWN OF ASHLAND,33009ASHL01,2016,ASHL01,28461372,1379234," 1,083 "
113,NH,TOWN OF BATH,33009BATH01,2016,BATH01,97684995,2309003, 535 
114,NH,TOWN OF BENTON,33009BENT01,2016,BENT01,124644743,594441, 188 
115,NH,TOWN OF BETHLEHEM,33009BETH01,2016,BETH01,234651977,915397," 1,441 "
116,NH,TOWN OF BRIDGEWATER,33009BRID01,2016,BRID01,54998128,508150, 718 
117,NH,TOWN OF BRISTOL,33009BRIS01,2016,BRIS01,44306578,13554219," 1,625 "
118,NH,TOWN OF CAMPTON,33009CAMP01,2016,CAMP01,134289268,1805001," 1,871 "
119,NH,TOWN OF CANAAN,33009CANA01,2016,CANA01,137947428,4578440," 1,881 "
120,NH,TOWN OF DORCHESTER,33009DORC01,2016,DORC01,115684095,1564567, 214 
121,NH,TOWN OF EASTON,33009EASN01,2016,EASN01,80762466,35781, 193 
122,NH,TOWN OF ELLSWORTH,33009ELLS01,2016,ELLS01,55327043,319738, 57 
123,NH,TOWN OF ENFIELD,33009ENFI01,2016,ENFI01,104285988,7362850," 2,521 "
124,NH,TOWN OF FRANCONIA,33009FRCA01,2016,FRCA01,170111712,806825, 743 
125,NH,TOWN OF GRAFTON,33009GRAF01,2016,GRAF01,107947535,2420481, 706 
126,NH,TOWN OF GROTON,33009GROT01,2016,GROT01,105831012,177970, 323 
127,NH,TOWN OF HANOVER,33009HANO01,2016,HANO01,126969678,3277635," 7,727 "
128,NH,TOWN OF HAVERHILL,33009HAVE01,2016,HAVE01,132063460,2899484," 2,102 "
129,NH,TOWN OF HEBRON,33009HEBR01,2016,HEBR01,42818153,5641784, 428 
130,NH,TOWN OF HOLDERNESS,33009HOLD01,2016,HOLD01,78922251,13868744," 1,306 "
131,NH,TOWN OF LANDAFF,33009LAND01,2016,LAND01,73412904,337958, 247 
132,NH,TOWN OF LINCOLN,33009LINC01,2016,LINC01,337583670,1458404, 835 
133,NH,TOWN OF LISBON,33009LISB01,2016,LISB01,67833787,1151282, 699 
134,NH,TOWN OF LITTLETON,33009LITT01,2016,LITT01,129765290,10379660," 2,833 "
135,NH,TOWN OF LYMAN,33009LYMA01,2016,LYMA01,73822238,767008, 313 
136,NH,TOWN OF LYME,33009LYME01,2016,LYME01,139434626,2297847," 1,166 "
137,NH,TOWN OF MONROE,33009MONR01,2016,MONR01,57744679,3862169, 489 
138,NH,TOWN OF ORANGE,33009ORAN01,2016,ORAN01,59993927,150672, 166 
139,NH,TOWN OF ORFORD,33009ORFO01,2016,ORFO01,120780821,3605353, 719 
140,NH,TOWN OF PIERMONT,33009PIER01,2016,PIER01,99641421,3571109, 381 
141,NH,TOWN OF PLYMOUTH,33009PLYM01,2016,PLYM01,72846018,1487420," 3,794 "
142,NH,TOWN OF RUMNEY,33009RUMN01,2016,RUMN01,107887742,2370633, 871 
143,NH,TOWN OF SUGAR HILL,33009SUGA01,2016,SUGA01,44038542,472640, 421 
144,NH,TOWN OF THORNTON,33009THOR01,2016,THOR01,129974563,1570230," 1,489 "
145,NH,TOWN OF WARREN,33009WARR01,2016,WARR01,125808962,1218131, 460 
146,NH,TOWN OF WATERVILLE VALLEY,33009WATE01,2016,WATE01,167886829,333506, 259 
147,NH,TOWN OF WENTWORTH,33009WENT01,2016,WENT01,107348082,1316027, 519 
148,NH,TOWN OF WOODSTOCK,33009WOOD01,2016,WOOD01,151980367,1422457, 759 
149,NH,TOWNSHIP OF LIVERMORE,33009LIVE01,2016,LIVE01,164767350,445366, -   
150,NH,MANCHESTER WARD 1,33011MANC01,2016,MANC01,8088561,292717," 5,477 "
151,NH,MANCHESTER WARD 10,33011MANC10,2016,MANC10,4334399,231399," 4,051 "
152,NH,MANCHESTER WARD 11,33011MANC11,2016,MANC11,2176965,72178," 3,284 "
153,NH,MANCHESTER WARD 12,33011MANC12,2016,MANC12,13520927,574722," 4,286 "
154,NH,MANCHESTER WARD 2,33011MANC02,2016,MANC02,6250206,0," 4,696 "
155,NH,MANCHESTER WARD 3,33011MANC03,2016,MANC03,3480866,345368," 2,984 "
156,NH,MANCHESTER WARD 4,33011MANC04,2016,MANC04,3081525,47810," 3,465 "
157,NH,MANCHESTER WARD 5,33011MANC05,2016,MANC05,2236750,0," 2,833 "
158,NH,MANCHESTER WARD 6,33011MANC06,2016,MANC06,16150404,2190612," 4,946 "
159,NH,MANCHESTER WARD 7,33011MANC07,2016,MANC07,2785891,5688," 3,856 "
160,NH,MANCHESTER WARD 8,33011MANC08,2016,MANC08,17132937,616397," 5,000 "
161,NH,MANCHESTER WARD 9,33011MANC09,2016,MANC09,6490813,445569," 4,208 "
162,NH,NASHUA WARD 1,33011NASH01,2016,NASH01,14157139,242108," 5,718 "
163,NH,NASHUA WARD 2,33011NASH02,2016,NASH02,9298421,131883," 4,696 "
164,NH,NASHUA WARD 3,33011NASH03,2016,NASH03,6701119,844431," 4,496 "
165,NH,NASHUA WARD 4,33011NASH04,2016,NASH04,4461274,243176," 3,363 "
166,NH,NASHUA WARD 5,33011NASH05,2016,NASH05,15743192,356640," 5,616 "
167,NH,NASHUA WARD 6,33011NASH06,2016,NASH06,4675118,100875," 4,202 "
168,NH,NASHUA WARD 7,33011NASH07,2016,NASH07,6676698,517548," 4,061 "
169,NH,NASHUA WARD 8,33011NASH08,2016,NASH08,8995330,194048," 4,953 "
170,NH,NASHUA WARD 9,33011NASH09,2016,NASH09,9189339,59569," 5,170 "
171,NH,TOWN OF AMHERST,33011AMHE01,2016,AMHE01,88549558,1358119," 7,351 "
172,NH,TOWN OF ANTRIM,33011ANTR01,2016,ANTR01,92387053,2137033," 1,512 "
173,NH,TOWN OF BEDFORD,33011BEDF01,2016,BEDF01,85045285,729712," 13,267 "
174,NH,TOWN OF BENNINGTON,33011BENN01,2016,BENN01,28718121,671567, 800 
175,NH,TOWN OF BROOKLINE,33011BRKL01,2016,BRKL01,51214807,935401," 3,123 "
176,NH,TOWN OF DEERING,33011DRNG01,2016,DRNG01,79772743,1658172," 1,035 "
177,NH,TOWN OF FRANCESTOWN,33011FRNT01,2016,FRNT01,77985856,1465790, 963 
178,NH,TOWN OF GOFFSTOWN,33011GOFF01,2016,GOFF01,95462904,1581956," 9,631 "
179,NH,TOWN OF GREENFIELD,33011GRFD01,2016,GRFD01,67608945,1442249, 912 
180,NH,TOWN OF GREENVILLE,33011GRNV01,2016,GRNV01,17771303,0, 938 
181,NH,TOWN OF HANCOCK,33011HANC01,2016,HANC01,77626641,3234024," 1,196 "
182,NH,TOWN OF HILLSBOROUGH,33011HILS01,2016,HILS01,113018687,2579657," 2,966 "
183,NH,TOWN OF HOLLIS,33011HOLL01,2016,HOLL01,82254967,1442104," 5,138 "
184,NH,TOWN OF HUDSON,33011HUDS01,2016,HUDS01,73346350,2414646," 13,183 "
185,NH,TOWN OF LITCHFIELD,33011LITC01,2016,LITC01,38722073,906768," 4,910 "
186,NH,TOWN OF LYNDEBOROUGH,33011LYND01,2016,LYND01,78783019,300510," 1,060 "
187,NH,TOWN OF MASON,33011MASO01,2016,MASO01,61927143,143147, 855 
188,NH,TOWN OF MERRIMACK,33011MERR01,2016,MERR01,84249006,2277086," 14,653 "
189,NH,TOWN OF MILFORD,33011MILF01,2016,MILF01,65577816,148030," 8,142 "
190,NH,TOWN OF MONT VERNON,33011MONT01,2016,MONT01,43036257,212964," 1,526 "
191,NH,TOWN OF NEW BOSTON,33011NBOS01,2016,NBOS01,110949327,968233," 3,360 "
192,NH,TOWN OF NEW IPSWICH,33011NIPS01,2016,NIPS01,84809272,819572," 2,818 "
193,NH,TOWN OF PELHAM,33011PELH01,2016,PELH01,68350487,1408366," 7,653 "
194,NH,TOWN OF PETERBOROUGH,33011PETE01,2016,PETE01,97686575,1050414," 3,892 "
195,NH,TOWN OF SHARON,33011SHAR01,2016,SHAR01,40441532,0, 241 
196,NH,TOWN OF TEMPLE,33011TEMP01,2016,TEMP01,57575555,558160, 861 
197,NH,TOWN OF WEARE,33011WEAR01,2016,WEAR01,152403435,2696314," 5,042 "
198,NH,TOWN OF WILTON,33011WILT01,2016,WILT01,66694630,244914," 2,232 "
199,NH,TOWN OF WINDSOR,33011WNDS01,2016,WNDS01,21623011,707198, 125 
200,NH,CONCORD WARD 1,33013CONC01,2016,CONC01,18469914,915883," 2,360 "
201,NH,CONCORD WARD 10,33013CONC10,2016,CONC10,47715814,1625759," 2,820 "
202,NH,CONCORD WARD 2,33013CONC02,2016,CONC02,10179527,0," 2,097 "
203,NH,CONCORD WARD 3,33013CONC03,2016,CONC03,24699428,2571146," 1,553 "
204,NH,CONCORD WARD 4,33013CONC04,2016,CONC04,2446630,116071," 2,057 "
205,NH,CONCORD WARD 5,33013CONC05,2016,CONC05,32605064,1520230," 2,560 "
206,NH,CONCORD WARD 6,33013CONC06,2016,CONC06,3533105,384650," 1,895 "
207,NH,CONCORD WARD 7,33013CONC07,2016,CONC07,4940046,0," 2,596 "
208,NH,CONCORD WARD 8,33013CONC08,2016,CONC08,19465293,1239970," 2,046 "
209,NH,CONCORD WARD 9,33013CONC09,2016,CONC09,2338124,0," 1,933 "
210,NH,FRANKLIN WARD 1,33013FRAN01,2016,FRAN01,50457379,3907313," 1,328 "
211,NH,FRANKLIN WARD 2,33013FRAN02,2016,FRAN02,5808657,497741, 981 
212,NH,FRANKLIN WARD 3,33013FRAN03,2016,FRAN03,14384995,349920," 1,440 "
213,NH,TOWN OF ALLENSTOWN,33013ALLE01,2016,ALLE01,52623657,285783," 2,191 "
214,NH,TOWN OF ANDOVER,33013ANDO01,2016,ANDO01,105006647,2300185," 1,434 "
215,NH,TOWN OF BOSCAWEN,33013BOSC01,2016,BOSC01,63942386,1784742," 1,861 "
216,NH,TOWN OF BOW,33013BOW01,2016,BOW01,72603163,1013660," 4,937 "
217,NH,TOWN OF BRADFORD,33013BRAD01,2016,BRAD01,91172931,1796683, 983 
218,NH,TOWN OF CANTERBURY,33013CANT01,2016,CANT01,112900513,2091484," 1,565 "
219,NH,TOWN OF CHICHESTER,33013CHIC01,2016,CHIC01,54427896,277042," 1,579 "
220,NH,TOWN OF DANBURY,33013DANB01,2016,DANB01,96607992,799822, 679 
221,NH,TOWN OF DUNBARTON,33013DUNB01,2016,DUNB01,80038484,1184513," 1,787 "
222,NH,TOWN OF EPSOM,33013EPSO01,2016,EPSO01,88737155,507265," 2,615 "
223,NH,TOWN OF HENNIKER,33013HENN01,2016,HENN01,114057904,1762282," 2,663 "
224,NH,TOWN OF HILL,33013HILL01,2016,HILL01,69072548,696132, 539 
225,NH,TOWN OF HOOKSETT,33013HOOK01,2016,HOOK01,94532857,2586899," 8,010 "
226,NH,TOWN OF HOPKINTON,33013HOPK01,2016,HOPK01,112321952,4637554," 3,845 "
227,NH,TOWN OF LOUDON,33013LOUD01,2016,LOUD01,121192742,1665296," 3,247 "
228,NH,TOWN OF NEW LONDON,33013NLON01,2016,NLON01,58232185,7989264," 3,027 "
229,NH,TOWN OF NEWBURY,33013NBRY01,2016,NBRY01,93048693,5855888," 1,349 "
230,NH,TOWN OF NORTHFIELD,33013NFLD01,2016,NFLD01,74668900,891037," 2,352 "
231,NH,TOWN OF PEMBROKE,33013PEMB01,2016,PEMB01,59006026,414803," 3,946 "
232,NH,TOWN OF PITTSFIELD,33013PITF01,2016,PITF01,61677465,810536," 1,935 "
233,NH,TOWN OF SALISBURY,33013SALI01,2016,SALI01,103407575,632641, 812 
234,NH,TOWN OF SUTTON,33013SUTT01,2016,SUTT01,109734292,2021644," 1,234 "
235,NH,TOWN OF WARNER,33013WARN01,2016,WARN01,144242508,633787," 1,779 "
236,NH,TOWN OF WEBSTER,33013WEBS01,2016,WEBS01,72650394,1482397," 1,146 "
237,NH,TOWN OF WILMOT,33013WILM01,2016,WILM01,76446236,538878, 883 
238,NH,DERRY WARD 1,33015DERR01,2016,DERR01,18310284,92568," 4,229 "
239,NH,DERRY WARD 2,33015DERR02,2016,DERR02,45261417,1524566," 4,229 "
240,NH,DERRY WARD 3,33015DERR03,2016,DERR03,21123141,613480," 4,229 "
241,NH,DERRY WARD 4,33015DERR04,2016,DERR04,7532844,22957," 4,229 "
242,NH,PORTSMOUTH WARD 1,33015PORT01,2016,PORT01,3457238,407409," 2,773 "
243,NH,PORTSMOUTH WARD 2,33015PORT02,2016,PORT02,1852496,83666," 3,119 "
244,NH,PORTSMOUTH WARD 3,33015PORT03,2016,PORT03,14572369,0," 2,405 "
245,NH,PORTSMOUTH WARD 4,33015PORT04,2016,PORT04,15714237,295392," 2,291 "
246,NH,PORTSMOUTH WARD 5,33015PORT05,2016,PORT05,4897224,2357640," 2,581 "
247,NH,TOWN OF ATKINSON,33015ATKI01,2016,ATKI01,28867446,416159," 4,460 "
248,NH,TOWN OF AUBURN,33015AUBU01,2016,AUBU01,65271667,9067444," 3,508 "
249,NH,TOWN OF BRENTWOOD,33015BREN01,2016,BREN01,43407155,573172," 2,555 "
250,NH,TOWN OF CANDIA,33015CAND01,2016,CAND01,78557810,627056," 2,554 "
251,NH,TOWN OF CHESTER,33015CHSR01,2016,CHSR01,67138229,316619," 2,958 "
252,NH,TOWN OF DANVILLE,33015DANV01,2016,DANV01,30353275,470661," 2,565 "
253,NH,TOWN OF DEERFIELD,33015DFLD01,2016,DFLD01,131769336,3454057," 2,853 "
254,NH,TOWN OF EAST KINGSTON,33015EKIN01,2016,EKIN01,25895648,161798," 1,537 "
255,NH,TOWN OF EPPING,33015EPPI01,2016,EPPI01,67538500,404644," 3,959 "
256,NH,TOWN OF EXETER,33015EXET01,2016,EXET01,50656128,973873," 9,248 "
257,NH,TOWN OF FREMONT,33015FREM01,2016,FREM01,44305937,722775," 2,709 "
258,NH,TOWN OF GREENLAND,33015GRND01,2016,GRND01,26990876,7437715," 2,587 "
259,NH,TOWN OF HAMPSTEAD,33015HMST01,2016,HMST01,34454053,1718422," 5,388 "
260,NH,TOWN OF HAMPTON,33015HMTN01,2016,HMTN01,33417698,4722963," 10,161 "
261,NH,TOWN OF HAMPTON FALLS,33015HAFA01,2016,HAFA01,31574298,835762," 1,566 "
262,NH,TOWN OF KENSINGTON,33015KENS01,2016,KENS01,30931407,36676," 1,382 "
263,NH,TOWN OF KINGSTON,33015KING01,2016,KING01,50901072,3184188," 3,689 "
264,NH,TOWN OF LONDONDERRY,33015LOND01,2016,LOND01,108740502,332718," 14,049 "
265,NH,TOWN OF NEW CASTLE,33015NCAS01,2016,NCAS01,2137295,3760000, 797 
266,NH,TOWN OF NEWFIELDS,33015NEWF01,2016,NEWF01,18376888,418204," 1,133 "
267,NH,TOWN OF NEWINGTON,33015NWIN01,2016,NWIN01,21215630,11049883, 590 
268,NH,TOWN OF NEWMARKET,33015NMAR01,2016,NMAR01,32493539,4198524," 5,364 "
269,NH,TOWN OF NEWTON,33015NEWT01,2016,NEWT01,25661609,393396," 2,717 "
270,NH,TOWN OF NORTH HAMPTON,33015NOHA01,2016,NOHA01,36036872,1288397," 3,137 "
271,NH,TOWN OF NORTHWOOD,33015NTHW01,2016,NTHW01,72672765,5234885," 2,581 "
272,NH,TOWN OF NOTTINGHAM,33015NOTT01,2016,NOTT01,120549470,4933263," 3,073 "
273,NH,TOWN OF PLAISTOW,33015PLAI01,2016,PLAI01,27529135,23763," 4,399 "
274,NH,TOWN OF RAYMOND,33015RAYM01,2016,RAYM01,74504231,2062596," 5,348 "
275,NH,TOWN OF RYE,33015RYE01,2016,RYE01,32672323,62432882," 3,980 "
276,NH,TOWN OF SALEM,33015SALE01,2016,SALE01,64037480,2915952," 15,986 "
277,NH,TOWN OF SANDOWN,33015SNDN01,2016,SNDN01,36131068,1261550," 3,557 "
278,NH,TOWN OF SEABROOK,33015SEAB01,2016,SEAB01,23041615,1980056," 4,494 "
279,NH,TOWN OF SOUTH HAMPTON,33015SOHA01,2016,SOHA01,20714368,62975, 585 
280,NH,TOWN OF STRATHAM,33015STRM01,2016,STRM01,39111660,944265," 4,857 "
281,NH,TOWN OF WINDHAM,33015WNDM01,2016,WNDM01,69427718,2739837," 8,760 "
282,NH,DOVER WARD 1,33017DOVE01,2016,DOVE01,1954899,46630," 2,789 "
283,NH,DOVER WARD 2,33017DOVE02,2016,DOVE02,6058320,1229168," 2,947 "
284,NH,DOVER WARD 3,33017DOVE03,2016,DOVE03,13523371,3284131," 3,432 "
285,NH,DOVER WARD 4,33017DOVE04,2016,DOVE04,12824202,1060949," 3,092 "
286,NH,DOVER WARD 5,33017DOVE05,2016,DOVE05,17000641,191396," 2,502 "
287,NH,DOVER WARD 6,33017DOVE06,2016,DOVE06,17833108,171875," 2,389 "
288,NH,ROCHESTER WARD 1,33017ROCH01,2016,ROCH01,22190097,0," 2,635 "
289,NH,ROCHESTER WARD 2,33017ROCH02,2016,ROCH02,13539901,0," 2,738 "
290,NH,ROCHESTER WARD 3,33017ROCH03,2016,ROCH03,25876704,39616," 2,546 "
291,NH,ROCHESTER WARD 4,33017ROCH04,2016,ROCH04,9826436,108300," 2,371 "
292,NH,ROCHESTER WARD 5,33017ROCH05,2016,ROCH05,41818803,733207," 2,554 "
293,NH,ROCHESTER WARD 6,33017ROCH06,2016,ROCH06,4337766,54832," 2,091 "
294,NH,SOMERSWORTH WARD 1,33017SOME01,2016,SOME01,6831400,134150," 1,388 "
295,NH,SOMERSWORTH WARD 2,33017SOME02,2016,SOME02,7118225,0," 1,061 "
296,NH,SOMERSWORTH WARD 3,33017SOME03,2016,SOME03,4607208,290210," 1,065 "
297,NH,SOMERSWORTH WARD 4,33017SOME04,2016,SOME04,3369898,0," 1,019 "
298,NH,SOMERSWORTH WARD 5,33017SOME05,2016,SOME05,3413758,106429, 779 
299,NH,TOWN OF BARRINGTON,33017BARR01,2016,BARR01,120699930,5024033," 5,222 "
300,NH,TOWN OF DURHAM,33017DURH01,2016,DURH01,57975041,6221425," 9,530 "
301,NH,TOWN OF FARMINGTON,33017FARM01,2016,FARM01,96394781,824183," 3,100 "
302,NH,TOWN OF LEE,33017LEE01,2016,LEE01,51681453,540235," 2,616 "
303,NH,TOWN OF MADBURY,33017MADB01,2016,MADB01,30182329,1470074," 1,131 "
304,NH,TOWN OF MIDDLETON,33017MIDD01,2016,MIDD01,46851575,1093458, 922 
305,NH,TOWN OF MILTON,33017MILT01,2016,MILT01,85769393,3183206," 2,301 "
306,NH,TOWN OF NEW DURHAM,33017NDUR01,2016,NDUR01,107514967,6832338," 1,643 "
307,NH,TOWN OF ROLLINSFORD,33017ROLL01,2016,ROLL01,18887052,767191," 1,582 "
308,NH,TOWN OF STRAFFORD,33017STFD01,2016,STFD01,127320723,5750513," 2,535 "
309,NH,CLAREMONT WARD 1,33019CLAR01,2016,CLAR01,19233660,0," 1,537 "
310,NH,CLAREMONT WARD 2,33019CLAR02,2016,CLAR02,34351591,1816808," 2,132 "
311,NH,CLAREMONT WARD 3,33019CLAR03,2016,CLAR03,58098138,680310," 1,843 "
312,NH,TOWN OF ACWORTH,33019ACWO01,2016,ACWO01,100699182,647645, 552 
313,NH,TOWN OF CHARLESTOWN,33019CHAR01,2016,CHAR01,92720315,5817280," 2,317 "
314,NH,TOWN OF CORNISH,33019CORN01,2016,CORN01,109056164,1869203," 1,012 "
315,NH,TOWN OF CROYDON,33019CROY01,2016,CROY01,94978149,2023900, 420 
316,NH,TOWN OF GOSHEN,33019GOSH01,2016,GOSH01,58230514,238931, 438 
317,NH,TOWN OF GRANTHAM,33019GRAN01,2016,GRAN01,70371910,2287193," 2,036 "
318,NH,TOWN OF LANGDON,33019LANG01,2016,LANG01,42093590,206909, 390 
319,NH,TOWN OF LEMPSTER,33019LEMP01,2016,LEMP01,83778622,1107124, 680 
320,NH,TOWN OF NEWPORT,33019NEWP01,2016,NEWP01,112832838,206600," 2,904 "
321,NH,TOWN OF PLAINFIELD,33019PLFD01,2016,PLFD01,135119322,1938102," 1,488 "
322,NH,TOWN OF SPRINGFIELD,33019SPRI01,2016,SPRI01,112017351,2290121, 817 
323,NH,TOWN OF SUNAPEE,33019SUNA01,2016,SUNA01,54663981,10630308," 2,080 "
324,NH,TOWN OF UNITY,33019UNIT01,2016,UNIT01,95610233,676738, 797 
325,NH,TOWN OF WASHINGTON,33019WASH01,2016,WASH01,117732015,5633233, 686 
